soc,ocv_v
0.00,3.1209
0.01,3.1258
0.02,3.1309
0.03,3.1362
0.04,3.1416
0.05,3.1471
0.06,3.1527
0.07,3.1586
0.08,3.1645
0.09,3.1707
0.10,3.1770
0.11,3.1835
0.12,3.1901
0.13,3.1970
0.14,3.2040
0.15,3.2113
0.16,3.2187
0.17,3.2264
0.18,3.2343
0.19,3.2424
0.20,3.2507
0.21,3.2592
0.22,3.2680
0.23,3.2770
0.24,3.2863
0.25,3.2958
0.26,3.3055
0.27,3.3155
0.28,3.3257
0.29,3.3361
0.30,3.3468
0.31,3.3577
0.32,3.3689
0.33,3.3803
0.34,3.3919
0.35,3.4037
0.36,3.4158
0.37,3.4280
0.38,3.4404
0.39,3.4531
0.40,3.4658
0.41,3.4788
0.42,3.4919
0.43,3.5051
0.44,3.5184
0.45,3.5319
0.46,3.5454
0.47,3.5590
0.48,3.5726
0.49,3.5863
0.50,3.6000
0.51,3.6137
0.52,3.6274
0.53,3.6410
0.54,3.6546
0.55,3.6681
0.56,3.6816
0.57,3.6949
0.58,3.7081
0.59,3.7212
0.60,3.7342
0.61,3.7469
0.62,3.7596
0.63,3.7720
0.64,3.7842
0.65,3.7963
0.66,3.8081
0.67,3.8197
0.68,3.8311
0.69,3.8423
0.70,3.8532
0.71,3.8639
0.72,3.8743
0.73,3.8845
0.74,3.8945
0.75,3.9042
0.76,3.9137
0.77,3.9230
0.78,3.9320
0.79,3.9408
0.80,3.9493
0.81,3.9576
0.82,3.9657
0.83,3.9736
0.84,3.9813
0.85,3.9887
0.86,3.9960
0.87,4.0030
0.88,4.0099
0.89,4.0165
0.90,4.0230
0.91,4.0293
0.92,4.0355
0.93,4.0414
0.94,4.0473
0.95,4.0529
0.96,4.0584
0.97,4.0638
0.98,4.0691
0.99,4.0742
1.00,4.0791
